<?xml version="1.0" encoding="UTF-8" standalone="yes"?>
<events>
	<!-- HypeTrain Start-->
	<!-- HypeTrain SETS Start -->
	<!--EASY TRAIN Switch Start-->
	 <!--set A all WORKING ENGINES-->
	<event name="VehicleHype_SETA_All_Engines_WORKING">
		<nominal>19</nominal>
		<min>19</min>
		<max>19</max>
		<lifetime>3888000</lifetime>
		<restock>0</restock>
		<saferadius>0</saferadius>
		<distanceradius>1</distanceradius>
		<cleanupradius>0</cleanupradius>
		<flags deletable="0" init_random="0" remove_damaged="1"/>
		<position>fixed</position>
		<limit>child</limit>
		<active>0</active>
		<children/>
	</event>
	<!--set A all WORKING Wagons-->
	<event name="VehicleHype_SETA_All_Wagons_Working">
		<nominal>161</nominal>
		<min>161</min>
		<max>161</max>
		<lifetime>3888000</lifetime>
		<restock>0</restock>
		<saferadius>0</saferadius>
		<distanceradius>1</distanceradius>
		<cleanupradius>0</cleanupradius>
		<flags deletable="0" init_random="0" remove_damaged="1"/>
		<position>fixed</position>
		<limit>child</limit>
		<active>0</active>
		<children/>
	</event>
	<!--set B STATIC ENGINES-->
	<event name="VehicleHype_SETB_All_Engines_STATIC">
		<nominal>19</nominal>
		<min>19</min>
		<max>19</max>
		<lifetime>3888000</lifetime>
		<restock>0</restock>
		<saferadius>0</saferadius>
		<distanceradius>1</distanceradius>
		<cleanupradius>0</cleanupradius>
		<flags deletable="0" init_random="0" remove_damaged="1"/>
		<position>fixed</position>
		<limit>child</limit>
		<active>0</active>
		<children/>
	</event>
	<!--set B STATIC Wagons-->
	<event name="VehicleHype_SETB_All_Wagons_STATIC">
		<nominal>161</nominal>
		<min>161</min>
		<max>161</max>
		<lifetime>3888000</lifetime>
		<restock>0</restock>
		<saferadius>0</saferadius>
		<distanceradius>1</distanceradius>
		<cleanupradius>0</cleanupradius>
		<flags deletable="0" init_random="0" remove_damaged="1"/>
		<position>fixed</position>
		<limit>child</limit>
		<active>0</active>
		<children/>
	</event>
		<!--set C HYbrid WORKING_Static Engines-->
		<event name="VehicleHype_SETC_All_Engines_Hybrid_ALL_WORKING_BEST_CLEAR_MAINLINE">
		<nominal>16</nominal>
		<min>16</min>
		<max>16</max>
		<lifetime>3888000</lifetime>
		<restock>0</restock>
		<saferadius>0</saferadius>
		<distanceradius>1</distanceradius>
		<cleanupradius>0</cleanupradius>
		<flags deletable="0" init_random="0" remove_damaged="1"/>
		<position>fixed</position>
		<limit>child</limit>
		<active>0</active>
		<children/>
	</event>
	<!--set C HYbrid WORKING_Static Wagons-->
	<event name="VehicleHype_SETC_All_Wagons_Hybrid_ALL_WORKING_BEST_CLEAR_MAINLINE">
		<nominal>157</nominal>
		<min>0</min>
		<max>0</max>
		<lifetime>3888000</lifetime>
		<restock>0</restock>
		<saferadius>0</saferadius>
		<distanceradius>1</distanceradius>
		<cleanupradius>0</cleanupradius>
		<flags deletable="0" init_random="0" remove_damaged="1"/>
		<position>fixed</position>
		<limit>child</limit>
		<active>0</active>
		<children/>
	</event>
	
	<!--SET D START-->
	<!--set D HYbrid_WORKING_RED_Engines-->
		<event name="Vehicle_Random_WORKING_ENGINE_RED">
		<nominal>1</nominal>
		<min>0</min>
		<max>0</max>
		<lifetime>3888000</lifetime>
		<restock>0</restock>
		<saferadius>0</saferadius>
		<distanceradius>1</distanceradius>
		<cleanupradius>0</cleanupradius>
		<flags deletable="0" init_random="0" remove_damaged="0"/>
		<position>fixed</position>
		<limit>child</limit>
		<active>0</active>
		<children>
			<child lootmax="0" lootmin="0" max="1" min="0" type="HypeTrain_742_Locomotive_Red"/>
			<child lootmax="0" lootmin="0" max="1" min="0" type="StaticObj_Wreck_Train_742_Red_DE"/>
       </children>
	</event>
		<!--set D HYbrid_WORKING_Blue_Engines-->
	   <event name="Vehicle_Random_WORKING_ENGINE_Blue">
		<nominal>11</nominal>
		<min>0</min>
		<max>0</max>
		<lifetime>3888000</lifetime>
		<restock>0</restock>
		<saferadius>0</saferadius>
		<distanceradius>1</distanceradius>
		<cleanupradius>0</cleanupradius>
		<flags deletable="0" init_random="0" remove_damaged="0"/>
		<position>fixed</position>
		<limit>child</limit>
		<active>0</active>
		<children>
			<child lootmax="0" lootmin="0" max="1" min="1" type="HypeTrain_742_Locomotive_Blue"/>
			<child lootmax="0" lootmin="0" max="10" min="10" type="StaticObj_Wreck_Train_742_Blue_DE"/>
       </children>
	</event>
    <!--set D HYbrid WORKING_Static Wagons-->
    <event name="VehicleHype_SETD_All_Wagons_Hybrid_ALL_STATIC_GO_with_Random_BEST_CLEAR_MAINLINE">
		<nominal>67</nominal>
		<min>0</min>
		<max>0</max>
		<lifetime>3888000</lifetime>
		<restock>0</restock>
		<saferadius>0</saferadius>
		<distanceradius>2</distanceradius>
		<cleanupradius>0</cleanupradius>
		<flags deletable="0" init_random="0" remove_damaged="1"/>
		<position>fixed</position>
		<limit>child</limit>
		<active>1</active>
		<children/>
	</event>

	<!--set D HYbrid WORKING_WORKING_Wagons-->
	<event name="VehicleHype_SETD_All_Wagons_Hybrid_WORKING_GO_with_Random_BEST_CLEAR_MAINLINE">
		<nominal>5</nominal>
		<min>0</min>
		<max>0</max>
		<lifetime>3888000</lifetime>
		<restock>0</restock>
		<saferadius>0</saferadius>
		<distanceradius>1</distanceradius>
		<cleanupradius>0</cleanupradius>
		<flags deletable="0" init_random="0" remove_damaged="1"/>
		<position>fixed</position>
		<limit>child</limit>
		<active>0</active>
		<children/>
	</event>
	
	<!--SET D END-->
	<!--EASY TRAIN Switch END-->
	<!--Indivdual TRAIN Switch Begin-->
    <!-- <pos x="8475.524414" z="2880.87793" a="0" y="1.8" group="E1SW"/>CHERNO_east_BRIDGE_VehicleHype1ESW_MAINLINE?_YES_LOOT?_YES_LOOTREF?_LE1SW-->
	<event name="VehicleHypeE1SW">
		<nominal>1</nominal>
		<min>1</min>
		<max>1</max>
		<lifetime>3888000</lifetime>
		<restock>0</restock>
		<saferadius>0</saferadius>
		<distanceradius>0</distanceradius>
		<cleanupradius>0</cleanupradius>
		<flags deletable="0" init_random="0" remove_damaged="1"/>
		<position>fixed</position>
		<limit>mixed</limit>
		<active>0</active>
		<children/>
	</event>
	<!-- <pos x="8373.426758" z="2944.434082" a="0" y="1.8" group="1SW"/>CHERNO_east_BRIDGE_VehicleHype1SW_MAINLINE?_YES_LOOT?_YES_LOOTREF?_L1SW-->
	<event name="VehicleHype1SW">
		<nominal>1</nominal>
		<min>1</min>
		<max>1</max>
		<lifetime>3888000</lifetime>
		<restock>0</restock>
		<saferadius>0</saferadius>
		<distanceradius>0</distanceradius>
		<cleanupradius>0</cleanupradius>
		<flags deletable="0" init_random="0" remove_damaged="1"/>
		<position>fixed</position>
		<limit>mixed</limit>
		<active>0</active>
		<children/>
	</event>
	<!-- <pos x="8475.524414" z="2880.87793" a="0" y="1.8" group="E1SS"/>CHERNO_east_BRIDGE_VehicleHype1ESS_MAINLINE?_YES_LOOT?_YES_LOOTREF?_LE1SS-->
	<event name="VehicleHypeE1SS">
		<nominal>1</nominal>
		<min>1</min>
		<max>1</max>
		<lifetime>3888000</lifetime>
		<restock>0</restock>
		<saferadius>0</saferadius>
		<distanceradius>0</distanceradius>
		<cleanupradius>0</cleanupradius>
		<flags deletable="0" init_random="0" remove_damaged="1"/>
		<position>fixed</position>
		<limit>mixed</limit>
		<active>0</active>
		<children/>
	</event>
    <!-- <pos x="8475.524414" z="2880.87793" a="8.388988" y="-45.137466" group="1SS"/>CHERNO_east_BRIDGE_VehicleHype1SS_MAINLINE?_YES_LOOT?_YES_LOOTREF?_L1SS-->
	<event name="VehicleHype1SS">
		<nominal>1</nominal>
		<min>1</min>
		<max>1</max>
		<lifetime>3888000</lifetime>
		<restock>0</restock>
		<saferadius>0</saferadius>
		<distanceradius>0</distanceradius>
		<cleanupradius>0</cleanupradius>
		<flags deletable="0" init_random="0" remove_damaged="1"/>
		<position>fixed</position>
		<limit>mixed</limit>
		<active>0</active>
		<children/>
	</event>
	 <!--<pos x="7936.843262" z="2931.102051" a="0" y="1.8" group="1EMW"/>CHERNO_east_BRIDGE_MOVED_VehicleHype1EMW_MAIN_LINE?_NO_LOOT?_YES_LOOTREF?_L1EMW-->
	<event name="VehicleHype1EMW">
		<nominal>1</nominal>
		<min>1</min>
		<max>1</max>
		<lifetime>3888000</lifetime>
		<restock>0</restock>
		<saferadius>2</saferadius>
		<distanceradius>0</distanceradius>
		<cleanupradius>0</cleanupradius>
		<flags deletable="0" init_random="0" remove_damaged="1"/>
		<position>fixed</position>
		<limit>mixed</limit>
		<active>0</active>
		<children/>
	</event>
	<!--<pos x="7932.550293" z="2930.795654" a="0" Y="5.620365" group="1MW"/>CHERNO_east_BRIDGE_MOVED_VehicleHype1MW_MAIN_LINE?_NO_LOOT?_YES_LOOTREF?_L1MW-->
	
		<event name="VehicleHype1MW">
		<nominal>1</nominal>
		<min>1</min>
		<max>1</max>
		<lifetime>3888000</lifetime>
		<restock>0</restock>
		<saferadius>2</saferadius>
		<distanceradius>0</distanceradius>
		<cleanupradius>0</cleanupradius>
		<flags deletable="0" init_random="0" remove_damaged="1"/>
		<position>fixed</position>
		<limit>mixed</limit>
		<active>0</active>
		<children/>
	</event>
	 <!--<pos x="7936.843262" z="2931.102051" a="0" y="1.8" group="1EMS"/>CHERNO_east_BRIDGE_MOVED_VehicleHype1EMS_MAIN_LINE?_NO_LOOT?_YES_LOOTREF?_L1EMS-->	
    <event name="VehicleHype1EMS">
		<nominal>1</nominal>
		<min>1</min>
		<max>1</max>
		<lifetime>3888000</lifetime>
		<restock>0</restock>
		<saferadius>2</saferadius>
		<distanceradius>0</distanceradius>
		<cleanupradius>0</cleanupradius>
		<flags deletable="0" init_random="0" remove_damaged="1"/>
		<position>fixed</position>
		<limit>mixed</limit>
		<active>0</active>
		<children/>
	</event>
	<!--<pos x="7932.550293" z="2930.795654" a="0" Y="5.620365" group="1MW"/>CHERNO_east_BRIDGE_MOVED_VehicleHype1MW_MAIN_LINE?_NO_LOOT?_YES_LOOTREF?_L1MS-->
	<event name="VehicleHype1MS">
		<nominal>1</nominal>
		<min>1</min>
		<max>1</max>
		<lifetime>3888000</lifetime>
		<restock>0</restock>
		<saferadius>0</saferadius>
		<distanceradius>0</distanceradius>
		<cleanupradius>0</cleanupradius>
		<flags deletable="0" init_random="0" remove_damaged="1"/>
		<position>fixed</position>
		<limit>mixed</limit>
		<active>0</active>
		<children/>
	</event>
	<!--<pos x="7902.631836" z="3139.320068" a="6.469199" Y="0" group="2SW"/>CHERNO_east_north_of_industrial_VehicleHype2SW_MAINLINE?_NO_LOOT?_YES_LOOTREF?_L2SW"-->
	<event name="VehicleHype2SW">
		<nominal>1</nominal>
		<min>1</min> 
		<max>1</max>
		<lifetime>3888000</lifetime>
		<restock>0</restock>
		<saferadius>0</saferadius>
		<distanceradius>0</distanceradius>
		<cleanupradius>0</cleanupradius>
		<flags deletable="0" init_random="0" remove_damaged="1"/>
		<position>fixed</position>
		<limit>mixed</limit>
		<active>0</active>
		<children/>
	</event>
	<!--<pos x="7902.631836" z="3139.320068" a="6.469199" Y="0" group="2S"/>CHERNO_east_north_of_industrial_VehicleHype2SW_MAINLINE?_NO_LOOT?_YES_LOOTREF?_L2SS"-->
	<event name="VehicleHype2SS">
		<nominal>1</nominal>
		<min>1</min>
		<max>1</max>
		<lifetime>3888000</lifetime>
		<restock>0</restock>
		<saferadius>0</saferadius>
		<distanceradius>0</distanceradius>
		<cleanupradius>0</cleanupradius>
		<flags deletable="0" init_random="0" remove_damaged="1"/>
		<position>fixed</position>
		<limit>mixed</limit>
		<active>0</active>
		<children/>
	</event>
	<!--<pos x=""7255.556641" z="2745.801270" a="0" y="7.972839" group="3SW"/>CHERNO_industrialTANKERS_VehicleHype3SW_MAINLINE?_NO_LOOT?_NO_LOOTREF?_L3SW"-->
	<event name="VehicleHype3SW">
		<nominal>1</nominal>
		<min>1</min>
		<max>1 </max>
		<lifetime>3888000</lifetime>
		<restock>0</restock>
		<saferadius>0</saferadius>
		<distanceradius>0</distanceradius>
		<cleanupradius>0</cleanupradius>
		<flags deletable="0" init_random="0" remove_damaged="1"/>
		<position>fixed</position>
		<limit>mixed</limit>
		<active>0</active>
		<children/>
	</event>
	<!--<pos x=""7255.556641" z="2745.801270" a="0" y="7.972839" group="3SS"/>CHERNO_industrial_VehicleHype3S_MAINLINE?_NO_LOOT?_NO_LOOTREF?_L3SS"-->
	<event name="VehicleHype3SS">
		<nominal>1</nominal>
		<min>1</min>
		<max>1</max>
		<lifetime>3888000</lifetime>
		<restock>0</restock>
		<saferadius>0</saferadius>
		<distanceradius>1</distanceradius>
		<cleanupradius>0</cleanupradius>
		<flags deletable="0" init_random="0" remove_damaged="1"/>
		<position>fixed</position>
		<limit>mixed</limit>
		<active>0</active>
		<children/>
	</event>
	<!--<pos x="2211.867188" z="5232.493652" a="0" y="1.8"/>ZELENOGORSK_Engine_VehicleHype4ESW_MAINLINE?_NO_LOOT?_NO_LOOT_REF?_L4ESW"-->  
	<event name="VehicleHype4ESW">
		<nominal>1</nominal>
		<min>1</min>
		<max>1</max>
		<lifetime>3888000</lifetime>
		<restock>10</restock>
		<saferadius>0</saferadius>
		<distanceradius>0</distanceradius>
		<cleanupradius>0</cleanupradius>
		<flags deletable="0" init_random="0" remove_damaged="1"/>
		<position>fixed</position>
		<limit>mixed</limit>
		<active>0</active>
		<children/>
	</event>
	<!--<pos x="2217.224609" z="5244.67627" a="0" y="1.8" group="4ESW2ndPL"/>ZELENOGORSK_Engine_VehicleHype4ESWPL_MAINLINE?_NO_LOOT?_NO_LOOT_REF?_L4ESWPL"-->
	<event name="VehicleHype4ESW2ndPL">
		<nominal>1</nominal>
		<min>1</min>
		<max>1</max>
		<lifetime>3888000</lifetime>
		<restock>10</restock>
		<saferadius>0</saferadius>
		<distanceradius>0</distanceradius>
		<cleanupradius>0</cleanupradius>
		<flags deletable="0" init_random="0" remove_damaged="1"/>
		<position>fixed</position>
		<limit>mixed</limit>
		<active>0</active>
		<children/>
	</event>
	<!--x="2558.142334" z="5211.744141" a="0" y="192.344742"/>group="4FSW"/>ZELENOGORSK_Flat_VehicleHype4SW_MAINLINE?_NO_LOOT?_NO_LOOT_REF?_LF4SW"-->
	<event name="VehicleHype4FSW">
		<nominal>1</nominal>
		<min>1</min>
		<max>1</max>
		<lifetime>3888000</lifetime>
		<restock>0</restock>
		<saferadius>0</saferadius>
		<distanceradius>0</distanceradius>
		<cleanupradius>0</cleanupradius>
		<flags deletable="0" init_random="0" remove_damaged="1"/>
		<position>fixed</position>
		<limit>parent</limit>
		<active>0</active>
		<children/>
	</event>
	<!--x="2558.142334" z="5211.744141" a="0" y="192.344742"/>" group="4BSW"/>ZELENOGORSK_Box_VehicleHype4SW_MAINLINE?_NO_LOOT?_NO_LOOT_REF?_L4BSW"-->
	<event name="VehicleHype4BSW">
		<nominal>1</nominal>
		<min>1</min>
		<max>1</max>
		<lifetime>3888000</lifetime>
		<restock>0</restock>
		<saferadius>1</saferadius>
		<distanceradius>0</distanceradius>
		<cleanupradius>0</cleanupradius>
		<flags deletable="0" init_random="0" remove_damaged="1"/>
		<position>fixed</position>
		<limit>mixed</limit>
		<active>0</active>
		<children/>
	</event>
	<!--<pos x="2211.867188" z="5232.493652" a="0" y="1.8"/>ZELENOGORSK_Engine_VehicleHype4ESS_MAINLINE?_NO_LOOT?_NO_LOOT_REF?_L4ESS"-->  
	<event name="VehicleHype4ESS">
		<nominal>1</nominal>
		<min>1</min>
		<max>1</max>
		<lifetime>3888000</lifetime>
		<restock>0</restock>
		<saferadius>0</saferadius>
		<distanceradius>0</distanceradius>
		<cleanupradius>0</cleanupradius>
		<flags deletable="0" init_random="0" remove_damaged="1"/>
		<position>fixed</position>
		<limit>mixed</limit>
		<active>0</active>
		<children/>
	</event>
	<!--<pos x="2217.224609" z="5244.67627" a="0" y="1.8" group="4ESS2ndPL"/>ZELENOGORSK_Engine_VehicleHype4ESSPL_MAINLINE?_NO_LOOT?_NO_LOOT_REF?_L4ESSPL"-->
	<event name="VehicleHype4ESS2ndPL">
		<nominal>1</nominal>
		<min>1</min>
		<max>1</max>
		<lifetime>3888000</lifetime>
		<restock>0</restock>
		<saferadius>0</saferadius>
		<distanceradius>0</distanceradius>
		<cleanupradius>0</cleanupradius>
		<flags deletable="0" init_random="0" remove_damaged="1"/>
		<position>fixed</position>
		<limit>mixed</limit>
		<active>0</active>
		<children/>
	</event>
	<event name="VehicleHype4FSS">
		<nominal>1</nominal>
		<min>1</min>
		<max>1</max>
		<lifetime>3888000</lifetime>
		<restock>0</restock>
		<saferadius>0</saferadius>
		<distanceradius>0</distanceradius>
		<cleanupradius>0</cleanupradius>
		<flags deletable="0" init_random="0" remove_damaged="1"/>
		<position>fixed</position>
		<limit>mixed</limit>
		<active>0</active>
		<children/>
	</event>
	<event name="VehicleHype4BSS">
		<nominal>1</nominal>
		<min>1</min>
		<max>1</max>
		<lifetime>3888000</lifetime>
		<restock>0</restock>
		<saferadius>0</saferadius>
		<distanceradius>0</distanceradius>
		<cleanupradius>0</cleanupradius>
		<flags deletable="0" init_random="0" remove_damaged="1"/>
		<position>fixed</position>
		<limit>	child</limit>
		<active>0</active>
		<children/>
	</event>
	<!--<pos x="911.095215" z="7593.644043" a="0" y="1.8" group="5SW"/>>LUMBER CAMP N. of MY Shkino_VehicleHype5SW_MAINLINE?_NO_LOOT?_NO_LOOT_REF?_L5SW"-->
	<event name="VehicleHype5SW">
		<nominal>1</nominal>
		<min>1</min>
		<max>1</max>
		<lifetime>3888000</lifetime>
		<restock>0</restock>
		<saferadius>0</saferadius>
		<distanceradius>1</distanceradius>
		<cleanupradius>0</cleanupradius>
		<flags deletable="0" init_random="0" remove_damaged="1"/>
		<position>fixed</position>
		<limit>child</limit>
		<active>0</active>
		<children/>
	</event>
	<!--<pos x="911.095215" z="7593.644043" a="0" y="1.8" group="5SS"/>LUMBER CAMP N. of MY Shkino_VehicleHype5SS_MAINLINE?_NO_LOOT?_NO_LOOT_REF?_L5SS"-->
	<event name="VehicleHype5SS">
		<nominal>1</nominal>
		<min>1</min>
		<max>1</max>
		<lifetime>3888000</lifetime>
		<restock>0</restock>
		<saferadius>0</saferadius>
		<distanceradius>1</distanceradius>
		<cleanupradius>0</cleanupradius>
		<flags deletable="0" init_random="0" remove_damaged="1"/>
		<position>fixed</position>
		<limit>	child</limit>
		<active>0</active>
		<children/>
	</event>
    <!--<pos x="3583.121338" z="12515.603516" a="0" y="1.8" group="6ESW"/>Novaya Train Station_VehicleHype6SW_MAINLINE?_NO_LOOT?_NO_LOOT_REF?_6ESW"-->
	<event name="VehicleHype6ESW">
		<nominal>1</nominal>
		<min>1</min>
		<max>1</max>
		<lifetime>3888000</lifetime>
		<restock>0</restock>
		<saferadius>0</saferadius>
		<distanceradius>1</distanceradius>
		<cleanupradius>0</cleanupradius>
		<flags deletable="0" init_random="0" remove_damaged="1"/>
		<position>fixed</position>
		<limit>	child</limit>
		<active>0</active>
		<children/>
	</event>
	<!--<pos x="3596.143555" z="12518.436523" a="0" y="1.8" group="6ESW2ndPL"/>Novaya Train Station_VehicleHype6ESW2ndPL_MAINLINE?_NO_LOOT?_NO_LOOT_REF?_6ESW2ndPL"-->
	<event name="VehicleHype6ESW2ndPL">
		<nominal>1</nominal>
		<min>1</min>
		<max>1</max>
		<lifetime>3888000</lifetime>
		<restock>0</restock>
		<saferadius>0</saferadius>
		<distanceradius>1</distanceradius>
		<cleanupradius>0</cleanupradius>
		<flags deletable="0" init_random="0" remove_damaged="1"/>
		<position>fixed</position>
		<limit>	child</limit>
		<active>0</active>
		<children/>
	</event>
	<!--<pos x="3366.634521" z="12482.748047" a="0" y="1.8" group="6SW"/>Novaya Train Station_VehicleHype6SW_MAINLINE?_NO_LOOT?_NO_LOOT_REF?_6SW"-->
	<event name="VehicleHype6SW">
		<nominal>1</nominal>
		<min>1</min>
		<max>1</max>
		<lifetime>3888000</lifetime>
		<restock>0</restock>
		<saferadius>0</saferadius>
		<distanceradius>1</distanceradius>
		<cleanupradius>0</cleanupradius>
		<flags deletable="0" init_random="0" remove_damaged="1"/>
		<position>fixed</position>
		<limit>	child</limit>
		<active>0</active>
		<children/>
	</event>
	<!--<pos x="3583.121338" z="12515.603516" a="0" y="1.8" group="6ESS"/>Novaya Train Station_VehicleHype6SW_MAINLINE?_NO_LOOT?_NO_LOOT_REF?_6ESS"-->
	<event name="VehicleHype6ESS">
		<nominal>1</nominal>
		<min>1</min>
		<max>1</max>
		<lifetime>3888000</lifetime>
		<restock>0</restock>
		<saferadius>0</saferadius>
		<distanceradius>1</distanceradius>
		<cleanupradius>0</cleanupradius>
		<flags deletable="0" init_random="0" remove_damaged="1"/>
		<position>fixed</position>
		<limit>	child</limit>
		<active>0</active>
		<children/>
	</event>
	<!--<pos x="3596.143555" z="12518.436523" a="0" y="1.8" group="6ESS2ndPL"/>Novaya Train Station_VehicleHype6ESS2ndPL_MAINLINE?_NO_LOOT?_NO_LOOT_REF?_6ESS2ndPL"-->
	<event name="VehicleHype6ESS2ndPL">
		<nominal>1</nominal>
		<min>1</min>
		<max>1</max>
		<lifetime>3888000</lifetime>
		<restock>0</restock>
		<saferadius>0</saferadius>
		<distanceradius>1</distanceradius>
		<cleanupradius>0</cleanupradius>
		<flags deletable="0" init_random="0" remove_damaged="1"/>
		<position>fixed</position>
		<limit>	child</limit>
		<active>0</active>
		<children/>
	</event>
	<!--<pos x="3366.634521" z="12482.748047" a="0" y="1.8" group="6SS"/>Novaya Train Station_VehicleHype6SS_MAINLINE?_NO_LOOT?_NO_LOOT_REF?_6SS"-->
	<event name="VehicleHype6SS">
		<nominal>1</nominal>
		<min>1</min>
		<max>1</max>
		<lifetime>3888000</lifetime>
		<restock>0</restock>
		<saferadius>0</saferadius>
		<distanceradius>1</distanceradius>
		<cleanupradius>0</cleanupradius>
		<flags deletable="0" init_random="0" remove_damaged="1"/>
		<position>fixed</position>
		<limit>	child</limit>
		<active>0</active>
		<children/>
	</event>
	<!--<pos x="7727.145508" z="12409.345703" a="0" y="1.8"/>Severograd Train Station_VehicleHype7ESW_MAINLINE?_NO_LOOT?_NO_LOOT_REF?_7ESW"-->
	<event name="VehicleHype7ESW">
		<nominal>1</nominal>
		<min>1</min>
		<max>1</max>
		<lifetime>3888000</lifetime>
		<restock>0</restock>
		<saferadius>0</saferadius>
		<distanceradius>1</distanceradius>
		<cleanupradius>0</cleanupradius>
		<flags deletable="0" init_random="0" remove_damaged="1"/>
		<position>fixed</position>
		<limit>child</limit>
		<active>0</active>
		<children/>
	</event>
	<!--<pos x="7727.145508" z="12409.345703" a="0" y="1.8"/>Severograd Train Station_VehicleHype7SW_MAINLINE?_NO_LOOT?_NO_LOOT_REF?_7SW"-->
	<event name="VehicleHype7SW">
		<nominal>1</nominal>
		<min>1</min>
		<max>1</max>
		<lifetime>3888000</lifetime>
		<restock>0</restock>
		<saferadius>0</saferadius>
		<distanceradius>1</distanceradius>
		<cleanupradius>0</cleanupradius>
		<flags deletable="0" init_random="0" remove_damaged="1"/>
		<position>fixed</position>
		<limit>child</limit>
		<active>0</active>
		<children/>
	</event>
		<!--<pos x="7727.145508" z="12409.345703" a="0" y="1.8"/>Severograd Train Station_VehicleHype7ESS_MAINLINE?_NO_LOOT?_NO_LOOT_REF?_7ESS"-->
	<event name="VehicleHype7ESS">
		<nominal>1</nominal>
		<min>1</min>
		<max>1</max>
		<lifetime>3888000</lifetime>
		<restock>0</restock>
		<saferadius>0</saferadius>
		<distanceradius>1</distanceradius>
		<cleanupradius>0</cleanupradius>
		<flags deletable="0" init_random="0" remove_damaged="1"/>
		<position>fixed</position>
		<limit>child</limit>
		<active>0</active>
		<children/>
	</event>
	<!--<pos x="7727.145508" z="12409.345703" a="0" y="1.8"/>Severograd Train Station_VehicleHype7SS_MAINLINE?_NO_LOOT?_NO_LOOT_REF?_7SS"-->
	<event name="VehicleHype7SS">
		<nominal>1</nominal>
		<min>1</min>
		<max>1</max>
		<lifetime>3888000</lifetime>
		<restock>0</restock>
		<saferadius>0</saferadius>
		<distanceradius>1</distanceradius>
		<cleanupradius>0</cleanupradius>
		<flags deletable="0" init_random="0" remove_damaged="1"/>
		<position>fixed</position>
		<limit>child</limit>
		<active>0</active>
		<children/>
	</event>
	<!--<pos x="10244.791016" z="2073.973145" a="0" y="1.8" group="8ESW"/>Electro_Train Station_VehicleHype8SW_MAINLINE?_NO_LOOT?_NO_LOOT_REF?_8SW"-->
		<event name="VehicleHype8ESW">
		<nominal>1</nominal>
		<min>1</min>
		<max>1</max>
		<lifetime>3888000</lifetime>
		<restock>0</restock>
		<saferadius>0</saferadius>
		<distanceradius>1</distanceradius>
		<cleanupradius>0</cleanupradius>
		<flags deletable="0" init_random="0" remove_damaged="1"/>
		<position>fixed</position>
		<limit>child</limit>
		<active>0</active>
		<children/>
	</event>
		<!--<pos x="10244.791016" z="2073.973145" a="0" y="1.8" group="8aESW"/>Electro_Train Station_VehicleHype8aSW_MAINLINE?_NO_LOOT?_NO_LOOT_REF?_8aSW"-->
		<event name="VehicleHype8aESW">
		<nominal>1</nominal>
		<min>1</min>
		<max>1</max>
		<lifetime>3888000</lifetime>
		<restock>0</restock>
		<saferadius>0</saferadius>
		<distanceradius>1</distanceradius>
		<cleanupradius>0</cleanupradius>
		<flags deletable="0" init_random="0" remove_damaged="1"/>
		<position>fixed</position>
		<limit>child</limit>
		<active>0</active>
		<children/>
	</event>
	<!--<pos x="10115.288086" z="2041.531128" a="0" y="1.8" group="8SW"/>Electro_Train Station_VehicleHype8SW_MAINLINE?_NO_LOOT?_NO_LOOT_REF?_8SW"-->
	<event name="VehicleHype8SW">
		<nominal>1</nominal>
		<min>1</min>
		<max>1</max>
		<lifetime>3888000</lifetime>
		<restock>0</restock>
		<saferadius>0</saferadius>
		<distanceradius>1</distanceradius>
		<cleanupradius>0</cleanupradius>
		<flags deletable="0" init_random="0" remove_damaged="1"/>
		<position>fixed</position>
		<limit>child</limit>
		<active>0</active>
		<children/>
	</event>
		<!--<pos x="10244.791016" z="2073.973145" a="0" y="1.8" group="8ESS"/>Electro_Train Station_VehicleHype8ESS_MAINLINE?_NO_LOOT?_NO_LOOT_REF?_8ESS"-->
		<event name="VehicleHype8ESS">
		<nominal>1</nominal>
		<min>1</min>
		<max>1</max>
		<lifetime>3888000</lifetime>
		<restock>0</restock>
		<saferadius>0</saferadius>
		<distanceradius>1</distanceradius>
		<cleanupradius>0</cleanupradius>
		<flags deletable="0" init_random="0" remove_damaged="1"/>
		<position>fixed</position>
		<limit>child</limit>
		<active>0</active>
		<children/>
	</event>
	<!--<pos x="10244.791016" z="2073.973145" a="0" y="1.8" group="8aESS"/>Electro_Train Station_VehicleHype8aSS_MAINLINE?_NO_LOOT?_NO_LOOT_REF?_8aSS"-->
		<event name="VehicleHype8aESS">
		<nominal>1</nominal>
		<min>1</min>
		<max>1</max>
		<lifetime>3888000</lifetime>
		<restock>0</restock>
		<saferadius>0</saferadius>
		<distanceradius>1</distanceradius>
		<cleanupradius>0</cleanupradius>
		<flags deletable="0" init_random="0" remove_damaged="1"/>
		<position>fixed</position>
		<limit>child</limit>
		<active>0</active>
		<children/>
	</event>
	<!--<pos x="10115.288086" z="2041.531128" a="0" y="1.8" group="8SS"/>Electro_Train Station_VehicleHype8SS_MAINLINE?_NO_LOOT?_NO_LOOT_REF?_8SS"-->
	<event name="VehicleHype8SS">
		<nominal>1</nominal>
		<min>1</min>
		<max>1</max>
		<lifetime>3888000</lifetime>
		<restock>0</restock>
		<saferadius>0</saferadius>
		<distanceradius>1</distanceradius>
		<cleanupradius>0</cleanupradius>
		<flags deletable="0" init_random="0" remove_damaged="1"/>
		<position>fixed</position>
		<limit>child</limit>
		<active>0</active>
		<children/>
	</event>
	<!--<pos x="12347.704102" z="14325.84375" a="0" y="1.8"  group="9ESW"/>Novodmitrovsk_industrial_VehicleHype9ESW_MAINLINE?_NO_LOOT?_NO_LOOT_REF?_9ESW"-->
	<event name="VehicleHype9ESW">
		<nominal>1</nominal>
		<min>1</min>
		<max>1</max>
		<lifetime>3888000</lifetime>
		<restock>0</restock>
		<saferadius>0</saferadius>
		<distanceradius>1</distanceradius>
		<cleanupradius>0</cleanupradius>
		<flags deletable="0" init_random="0" remove_damaged="1"/>
		<position>fixed</position>
		<limit>child</limit>
		<active>0</active>
		<children/>
	</event>
	<!--<pos x="10115.288086" z="2041.531128" a="0" y="1.8" group="9SW"/>Novodmitrovsk_industrial_VehicleHype9SW_MAINLINE?_NO_LOOT?_NO_LOOT_REF?_9SW"-->
	<event name="VehicleHype9SW">
		<nominal>1</nominal>
		<min>1</min>
		<max>1</max>
		<lifetime>3888000</lifetime>
		<restock>0</restock>
		<saferadius>0</saferadius>
		<distanceradius>1</distanceradius>
		<cleanupradius>0</cleanupradius>
		<flags deletable="0" init_random="0" remove_damaged="1"/>
		<position>fixed</position>
		<limit>child</limit>
		<active>0</active>
		<children/>
	</event>
    <!--<pos x="12347.704102" z="14325.84375" a="0" y="1.8" group="9ESS"/>Novodmitrovsk_industrial_VehicleHype9ESS_MAINLINE?_NO_LOOT?_NO_LOOT_REF?_9ESS"-->
	<event name="VehicleHype9ESS">
		<nominal>1</nominal>
		<min>1</min>
		<max>1</max>
		<lifetime>3888000</lifetime>
		<restock>0</restock>
		<saferadius>0</saferadius>
		<distanceradius>1</distanceradius>
		<cleanupradius>0</cleanupradius>
		<flags deletable="0" init_random="0" remove_damaged="1"/>
		<position>fixed</position>
		<limit>child</limit>
		<active>0</active>
		<children/>
	</event>
	<!--<pos x="10115.288086" z="2041.531128" a="0" y="1.8" group="9SS"/>Novodmitrovsk_industrial_VehicleHype9SS_MAINLINE?_NO_LOOT?_NO_LOOT_REF?_9SS"-->
	<event name="VehicleHype9SS">
		<nominal>1</nominal>
		<min>1</min>
		<max>1</max>
		<lifetime>3888000</lifetime>
		<restock>0</restock>
		<saferadius>0</saferadius>
		<distanceradius>1</distanceradius>
		<cleanupradius>0</cleanupradius>
		<flags deletable="0" init_random="0" remove_damaged="1"/>
		<position>fixed</position>
		<limit>child</limit>
		<active>0</active>
		<children/>
	</event>
    <!--<pos x="12850.839844" z="9613.143555" a="0" y="1.8" group="10ESW"/>Berezino_South_industrial_Lumber_VehicleHype10ESW_MAINLINE?_NO_LOOT?_NO_LOOT_REF?_10ESW"-->
	<event name="VehicleHype10ESW">
		<nominal>1</nominal>
		<min>1</min>
		<max>1</max>
		<lifetime>3888000</lifetime>
		<restock>0</restock>
		<saferadius>0</saferadius>
		<distanceradius>1</distanceradius>
		<cleanupradius>0</cleanupradius>
		<flags deletable="0" init_random="0" remove_damaged="1"/>
		<position>fixed</position>
		<limit>child</limit>
		<active>0</active>
		<children/>
	</event>
    <!--<pos x="12865.886719" z="9739.717773" a="0" y="1.8" group="10ESW"/>Berezino_South_industrial_Lumber_VehicleHype10SW_MAINLINE?_NO_LOOT?_NO_LOOT_REF?_10SW"-->
	<event name="VehicleHype10SW">
		<nominal>1</nominal>
		<min>1</min>
		<max>1</max>
		<lifetime>3888000</lifetime>
		<restock>0</restock>
		<saferadius>0</saferadius>
		<distanceradius>1</distanceradius>
		<cleanupradius>0</cleanupradius>
		<flags deletable="0" init_random="0" remove_damaged="1"/>
		<position>fixed</position>
		<limit>child</limit>
		<active>0</active>
		<children/>
	</event>
    <!--<pos x="12850.839844" z="9613.143555" a="0" y="1.8" group="10ESS"/>Berezino_South_industrial_Lumber_VehicleHype10ESS_MAINLINE?_NO_LOOT?_NO_LOOT_REF?_10ESS"-->
	<event name="VehicleHype10ESS">
		<nominal>1</nominal>
		<min>1</min>
		<max>1</max>
		<lifetime>3888000</lifetime>
		<restock>0</restock>
		<saferadius>0</saferadius>
		<distanceradius>1</distanceradius>
		<cleanupradius>0</cleanupradius>
		<flags deletable="0" init_random="0" remove_damaged="1"/>
		<position>fixed</position>
		<limit>child</limit>
		<active>0</active>
		<children/>
	</event>
    <!--<pos x="12865.886719" z="9739.717773" a="0" y="1.8" group="10ESS"/>Berezino_South_industrial_Lumber_VehicleHype10SS_MAINLINE?_NO_LOOT?_NO_LOOT_REF?_10SS"-->
	<event name="VehicleHype10SS">
		<nominal>1</nominal>
		<min>1</min>
		<max>1</max>
		<lifetime>3888000</lifetime>
		<restock>0</restock>
		<saferadius>0</saferadius>
		<distanceradius>1</distanceradius>
		<cleanupradius>0</cleanupradius>
		<flags deletable="0" init_random="0" remove_damaged="1"/>
		<position>fixed</position>
		<limit>child</limit>
		<active>0</active>
		<children/>
	</event>
    <!--<pos x="12900.605469" z="9911.821289" a="0" y="1.8" group="11SW"/>Berezino_South_industrial_Tankers_VehicleHype11SW_MAINLINE?_NO_LOOT?_NO_LOOT_REF?_11SW"-->
	<event name="VehicleHype11SW">
		<nominal>1</nominal>
		<min>1</min>
		<max>1</max>
		<lifetime>3888000</lifetime>
		<restock>0</restock>
		<saferadius>0</saferadius>
		<distanceradius>1</distanceradius>
		<cleanupradius>0</cleanupradius>
		<flags deletable="0" init_random="0" remove_damaged="1"/>
		<position>fixed</position>
		<limit>child</limit>
		<active>0</active>
		<children/>
	</event>
    <!--<pos x="12900.605469" z="9911.821289" a="0" y="1.8" group="11SS"/>Berezino_South_industrial_Tankers_VehicleHype11SS_MAINLINE?_NO_LOOT?_NO_LOOT_REF?_11SS"-->
	<event name="VehicleHype11SS">
		<nominal>1</nominal>
		<min>1</min>
		<max>1</max>
		<lifetime>3888000</lifetime>
		<restock>0</restock>
		<saferadius>0</saferadius>
		<distanceradius>1</distanceradius>
		<cleanupradius>0</cleanupradius>
		<flags deletable="0" init_random="0" remove_damaged="1"/>
		<position>fixed</position>
		<limit>child</limit>
		<active>0</active>
		<children/>
	</event>
   <!--<pos x="12931.801758" z="9981.198242" a="0" y="1.8" group="12SW"/>Berezino_SouthofGasStation_BOX CARS_VehicleHype12SW_MAINLINE?_NO_LOOT?_NO_LOOT_REF?_12SW"-->
  <event name="VehicleHype12SW">
		<nominal>1</nominal>
		<min>1</min>
		<max>1</max>
		<lifetime>3888000</lifetime>
		<restock>0</restock>
		<saferadius>0</saferadius>
		<distanceradius>1</distanceradius>
		<cleanupradius>0</cleanupradius>
		<flags deletable="0" init_random="0" remove_damaged="1"/>
		<position>fixed</position>
		<limit>child</limit>
		<active>0</active>
		<children/>
	</event>
   <!--<pos x="12931.801758" z="9981.198242" a="0" y="1.8" group="12SS"/>Berezino_SouthofGasStation_BOX CARS_VehicleHype12SS_MAINLINE?_NO_LOOT?_NO_LOOT_REF?_12SS"-->
  <event name="VehicleHype12SS">
		<nominal>1</nominal>
		<min>1</min>
		<max>1</max>
		<lifetime>3888000</lifetime>
		<restock>0</restock>
		<saferadius>0</saferadius>
		<distanceradius>1</distanceradius>
		<cleanupradius>0</cleanupradius>
		<flags deletable="0" init_random="0" remove_damaged="1"/>
		<position>fixed</position>
		<limit>child</limit>
		<active>0</active>
		<children/>
	</event>
    <!--<pos x="12992.242188" z="10184.356445" a="0" y="1.8" group="13SW"/>Berezino_TrainStation_FLAT_ Wagons_VehicleHype13SW_MAINLINE?_NO_LOOT?_NO_LOOT_REF?_13SW"-->
	<event name="VehicleHype13SW">
		<nominal>1</nominal>
		<min>1</min>
		<max>1</max>
		<lifetime>3888000</lifetime>
		<restock>0</restock>
		<saferadius>0</saferadius>
		<distanceradius>1</distanceradius>
		<cleanupradius>0</cleanupradius>
		<flags deletable="0" init_random="0" remove_damaged="1"/>
		<position>fixed</position>
		<limit>child</limit>
		<active>0</active>
		<children/>
	</event>
	<!--<pos x="12992.242188" z="10184.356445" a="0" y="1.8"  group="13SS"/>Berezino_TrainStation_FLAT_ Wagons_VehicleHype12SS_MAINLINE?_NO_LOOT?_NO_LOOT_REF?_13SS"-->
	<event name="VehicleHype13SS">
		<nominal>1</nominal>
		<min>1</min>
		<max>1</max>
		<lifetime>3888000</lifetime>
		<restock>0</restock>
		<saferadius>0</saferadius>
		<distanceradius>1</distanceradius>
		<cleanupradius>0</cleanupradius>
		<flags deletable="0" init_random="0" remove_damaged="1"/>
		<position>fixed</position>
		<limit>child</limit>
		<active>0</active>
		<children/>
	</event>
    <!--<pos x="13015.507813" z="10265.551758" a="0" y="1.8" group="14SW"/>Berezino_TrainStation_BOX_ Wagons_VehicleHype14SW_MAINLINE?_NO_LOOT?_NO_LOOT_REF?_14SW"-->
	<event name="VehicleHype14SW">
		<nominal>1</nominal>
		<min>1</min>
		<max>1</max>
		<lifetime>3888000</lifetime>
		<restock>0</restock>
		<saferadius>0</saferadius>
		<distanceradius>1</distanceradius>
		<cleanupradius>0</cleanupradius>
		<flags deletable="0" init_random="0" remove_damaged="1"/>
		<position>fixed</position>
		<limit>child</limit>
		<active>0</active>
		<children/>
	</event>
	<!--<pos x="13015.507813" z="10265.551758" a="0" y="1.8" group="14SS"/>Berezino_TrainStation_BOX_ Wagons_VehicleHype14SS_MAINLINE?_NO_LOOT?_NO_LOOT_REF?_14SS"-->
	<event name="VehicleHype14SS">
		<nominal>1</nominal>
		<min>1</min>
		<max>1</max>
		<lifetime>3888000</lifetime>
		<restock>0</restock>
		<saferadius>0</saferadius>
		<distanceradius>1</distanceradius>
		<cleanupradius>0</cleanupradius>
		<flags deletable="0" init_random="0" remove_damaged="1"/>
		<position>fixed</position>
		<limit>child</limit>
		<active>0</active>
		<children/>
	</event>
	<!--<pos x="13055.194336" z="10022.253906" a="0" y="1.8" group="15ESW"/>Berezino_TrainStation_Industrial_West_VehicleHype15ESW_MAINLINE?_NO_LOOT?_NO_LOOT_REF?_16ESW"-->
	<event name="VehicleHype15ESW">
		<nominal>1</nominal>
		<min>1</min>
		<max>1</max>
		<lifetime>3888000</lifetime>
		<restock>0</restock>
		<saferadius>0</saferadius>
		<distanceradius>1</distanceradius>
		<cleanupradius>0</cleanupradius>
		<flags deletable="0" init_random="0" remove_damaged="1"/>
		<position>fixed</position>
		<limit>child</limit>
		<active>0</active>
		<children/>
	</event>
	<!--<pos x="13055.194336" z="10022.253906" a="0" y="1.8" group="15ESS"/>Berezino_TrainStation_Industrial_West_VehicleHype15ESS_MAINLINE?_NO_LOOT?_NO_LOOT_REF?_15ESS"-->
	<event name="VehicleHype15ESS">
		<nominal>1</nominal>
		<min>1</min>
		<max>1</max>
		<lifetime>3888000</lifetime>
		<restock>0</restock>
		<saferadius>0</saferadius>
		<distanceradius>1</distanceradius>
		<cleanupradius>0</cleanupradius>
		<flags deletable="0" init_random="0" remove_damaged="1"/>
		<position>fixed</position>
		<limit>child</limit>
		<active>0</active>
		<children/>
	</event>
		<!--<pos x="13093.852539" z="10059.707031" a="0" y="1.8" group="16ESW"/>Berezino_TrainStation_Industrial_West_VehicleHype16ESW_MAINLINE?_NO_LOOT?_NO_LOOT_REF?_16ESW"-->
	<event name="VehicleHype16ESW">
		<nominal>1</nominal>
		<min>1</min>
		<max>1</max>
		<lifetime>3888000</lifetime>
		<restock>0</restock>
		<saferadius>0</saferadius>
		<distanceradius>1</distanceradius>
		<cleanupradius>0</cleanupradius>
		<flags deletable="0" init_random="0" remove_damaged="1"/>
		<position>fixed</position>
		<limit>child</limit>
		<active>0</active>
		<children/>
	</event>
	<!--<pos x="13099.555664" z="10071.723633" a="0" y="1.8" group="16ESW2ndPL"/>Berezino_TrainStation_Industrial_West_VehicleHype16ESW2ndPL_MAINLINE?_NO_LOOT?_NO_LOOT_REF?_16ESW2ndPL"-->
	<event name="VehicleHype16ESW2ndPL">
		<nominal>1</nominal>
		<min>1</min>
		<max>1</max>
		<lifetime>3888000</lifetime>
		<restock>0</restock>
		<saferadius>0</saferadius>
		<distanceradius>1</distanceradius>
		<cleanupradius>0</cleanupradius>
		<flags deletable="0" init_random="0" remove_damaged="1"/>
		<position>fixed</position>
		<limit>child</limit>
		<active>0</active>
		<children/>
	</event>
	<!--<pos x="13093.852539" z="10059.707031" a="0" y="1.8" group="16ESS"/>Berezino_TrainStation_Industrial_West_VehicleHype16ESS_MAINLINE?_NO_LOOT?_NO_LOOT_REF?_16ESS"-->
	<event name="VehicleHype16ESS">
		<nominal>1</nominal>
		<min>1</min>
		<max>1</max>
		<lifetime>3888000</lifetime>
		<restock>0</restock>
		<saferadius>0</saferadius>
		<distanceradius>1</distanceradius>
		<cleanupradius>0</cleanupradius>
		<flags deletable="0" init_random="0" remove_damaged="1"/>
		<position>fixed</position>
		<limit>child</limit>
		<active>0</active>
		<children/>
	</event>
	<!--<pos x="13099.555664" z="10071.723633" a="0" y="1.8" group="16ESS2ndPL"/>Berezino_TrainStation_Industrial_West_VehicleHype16ESS2ndPL_MAINLINE?_NO_LOOT?_NO_LOOT_REF?_16ESS2ndPL"-->
	<event name="VehicleHype16ESS2ndPL">
		<nominal>1</nominal>
		<min>1</min>
		<max>1</max>
		<lifetime>3888000</lifetime>
		<restock>0</restock>
		<saferadius>0</saferadius>
		<distanceradius>1</distanceradius>
		<cleanupradius>0</cleanupradius>
		<flags deletable="0" init_random="0" remove_damaged="1"/>
		<position>fixed</position>
		<limit>child</limit>
		<active>0</active>
		<children/>
	</event>
		<!--<pos x="13102.522461" z="10502.418945" a="0" y="1.8" group="17SW"/>Berezino_TrainStation_North _Hold_VehicleHype17SW_MAINLINE?_NO_LOOT?_NO_LOOT_REF?_17SW"-->
	<event name="VehicleHype17SW">
		<nominal>1</nominal>
		<min>1</min>
		<max>1</max>
		<lifetime>3888000</lifetime>
		<restock>0</restock>
		<saferadius>0</saferadius>
		<distanceradius>1</distanceradius>
		<cleanupradius>0</cleanupradius>
		<flags deletable="0" init_random="0" remove_damaged="1"/>
		<position>fixed</position>
		<limit>child</limit>
		<active>0</active>
		<children/>
	</event>
	<!--<pos x="13102.522461" z="10502.418945" a="0" y="1.8" group="17SS"/>Berezino_TrainStation_North _Hold_VehicleHype17SS_MAINLINE?_NO_LOOT?_NO_LOOT_REF?_17SS"-->
	<event name="VehicleHype17SS">
		<nominal>1</nominal>
		<min>1</min>
		<max>1</max>
		<lifetime>3888000</lifetime>
		<restock>0</restock>
		<saferadius>0</saferadius>
		<distanceradius>1</distanceradius>
		<cleanupradius>0</cleanupradius>
		<flags deletable="0" init_random="0" remove_damaged="1"/>
		<position>fixed</position>
		<limit>child</limit>
		<active>0</active>
		<children/>
	</event>
    <!--<pos x="13360.410156" z="6202.191406" a="0" y="1.8" group="18SW"/>Solnichniy_hold_Hold_VehicleHype18SW_MAINLINE?_NO_LOOT?_NO_LOOT_REF?_18SW"-->
    <event name="VehicleHype18SW">
		<nominal>1</nominal>
		<min>1</min>
		<max>1</max>
		<lifetime>3888000</lifetime>
		<restock>0</restock>
		<saferadius>0</saferadius>
		<distanceradius>1</distanceradius>
		<cleanupradius>0</cleanupradius>
		<flags deletable="0" init_random="0" remove_damaged="1"/>
		<position>fixed</position>
		<limit>child</limit>
		<active>0</active>
		<children/>
	</event>
	<!--<pos x="13360.410156" z="6202.191406" a="0" y="1.8" group="18SS"/>Solnichniy_hold_VehicleHype18SS_MAINLINE?_NO_LOOT?_NO_LOOT_REF?_18SS"-->
	<event name="VehicleHype18SS">
		<nominal>1</nominal>
		<min>1</min>
		<max>1</max>
		<lifetime>3888000</lifetime>
		<restock>0</restock>
		<saferadius>0</saferadius>
		<distanceradius>1</distanceradius>
		<cleanupradius>0</cleanupradius>
		<flags deletable="0" init_random="0" remove_damaged="1"/>
		<position>fixed</position>
		<limit>child</limit>
		<active>0</active>
		<children/>
	</event>
    <!--<pos x="13886.65332" z="13592.264648" a="0" y="1.8" group="19ESW"/>Sevtlojarsk_Large_hold_VehicleHype19ESW_MAINLINE?_NO_LOOT?_NO_LOOT_REF?_19ESW"-->
	<event name="VehicleHype19ESW">
		<nominal>1</nominal>
		<min>1</min>
		<max>1</max>
		<lifetime>3888000</lifetime>
		<restock>0</restock>
		<saferadius>0</saferadius>
		<distanceradius>1</distanceradius>
		<cleanupradius>0</cleanupradius>
		<flags deletable="0" init_random="0" remove_damaged="1"/>
		<position>fixed</position>
		<limit>child</limit>
		<active>0</active>
		<children/>
	</event>
    <!--<pos x="13886.65332" z="13592.264648" a="0" y="1.8" group="19SW"/>Sevtlojarsk_Large_hold_VehicleHype19SW_MAINLINE?_NO_LOOT?_NO_LOOT_REF?_19SW"-->
	<event name="VehicleHype19SW">
		<nominal>1</nominal>
		<min>1</min>
		<max>1</max>
		<lifetime>3888000</lifetime>
		<restock>0</restock>
		<saferadius>0</saferadius>
		<distanceradius>1</distanceradius>
		<cleanupradius>0</cleanupradius>
		<flags deletable="0" init_random="0" remove_damaged="1"/>
		<position>fixed</position>
		<limit>child</limit>
		<active>0</active>
		<children/>
	</event>
    <!--<pos x="13886.65332" z="13592.264648" a="0" y="1.8" group="19ESS"/>Sevtlojarsk_Large_hold_VehicleHype19ESS_MAINLINE?_NO_LOOT?_NO_LOOT_REF?_19ESS"-->
	<event name="VehicleHype19ESS">
		<nominal>1</nominal>
		<min>1</min>
		<max>1</max>
		<lifetime>3888000</lifetime>
		<restock>0</restock>
		<saferadius>0</saferadius>
		<distanceradius>1</distanceradius>
		<cleanupradius>0</cleanupradius>
		<flags deletable="0" init_random="0" remove_damaged="1"/>
		<position>fixed</position>
		<limit>child</limit>
		<active>0</active>
		<children/>
	</event>
    <!--<pos x="13886.65332" z="13592.264648" a="0" y="1.8" group="19SS"/>Sevtlojarsk_Large_hold_VehicleHype19SS_MAINLINE?_NO_LOOT?_NO_LOOT_REF?_19SS"-->
	<event name="VehicleHype19SS">
		<nominal>1</nominal>
		<min>1</min>
		<max>1</max>
		<lifetime>3888000</lifetime>
		<restock>0</restock>
		<saferadius>0</saferadius>
		<distanceradius>1</distanceradius>
		<cleanupradius>0</cleanupradius>
		<flags deletable="0" init_random="0" remove_damaged="1"/>
		<position>fixed</position>
		<limit>child</limit>
		<active>0</active>
		<children/>
	</event>
	<!--<pos x="14129.392578" z="13135.567383" a="0" y="1.8" group="20ESW"/>Sevtlojarsk_East_Industrial_VehicleHype20ESW_MAINLINE?_NO_LOOT?_NO_LOOT_REF?_20ESW"-->
	<event name="VehicleHype20ESW">
		<nominal>1</nominal>
		<min>1</min>
		<max>1</max>
		<lifetime>3888000</lifetime>
		<restock>0</restock>
		<saferadius>0</saferadius>
		<distanceradius>1</distanceradius>
		<cleanupradius>0</cleanupradius>
		<flags deletable="0" init_random="0" remove_damaged="1"/>
		<position>fixed</position>
		<limit>child</limit>
		<active>0</active>
		<children/>
	</event>
	<!--<pos x="14114.150391" z="13182.091797" a="0" y="1.8" group="20SW"/>Sevtlojarsk__East_Industrial__VehicleHype20SW_MAINLINE?_NO_LOOT?_NO_LOOT_REF?_20SW"-->
	<event name="VehicleHype20SW">
		<nominal>1</nominal>
		<min>1</min>
		<max>1</max>
		<lifetime>3888000</lifetime>
		<restock>0</restock>
		<saferadius>0</saferadius>
		<distanceradius>1</distanceradius>
		<cleanupradius>0</cleanupradius>
		<flags deletable="0" init_random="0" remove_damaged="1"/>
		<position>fixed</position>
		<limit>child</limit>
		<active>0</active>
		<children/>
	</event>
	<!--<pos x="14129.392578" z="13135.567383" a="0" y="1.8" group="20ESS"/>Sevtlojarsk_East_Industrial_VehicleHype20ESS_MAINLINE?_NO_LOOT?_NO_LOOT_REF?_20ESS"-->
	<event name="VehicleHype20ESS">
		<nominal>1</nominal>
		<min>1</min>
		<max>1</max>
		<lifetime>3888000</lifetime>
		<restock>0</restock>
		<saferadius>0</saferadius>
		<distanceradius>1</distanceradius>
		<cleanupradius>0</cleanupradius>
		<flags deletable="0" init_random="0" remove_damaged="1"/>
		<position>fixed</position>
		<limit>child</limit>
		<active>0</active>
		<children/>
	</event>
	<!--<pos x="14114.150391" z="13182.091797" a="0" y="1.8" group="20SS"/>Sevtlojarsk__East_Industrial__VehicleHype20SS_MAINLINE?_NO_LOOT?_NO_LOOT_REF?_20SS"-->
	<event name="VehicleHype20SS">
		<nominal>1</nominal>
		<min>1</min>
		<max>1</max>
		<lifetime>3888000</lifetime>
		<restock>0</restock>
		<saferadius>0</saferadius>
		<distanceradius>1</distanceradius>
		<cleanupradius>0</cleanupradius>
		<flags deletable="0" init_random="0" remove_damaged="1"/>
		<position>fixed</position>
		<limit>child</limit>
		<active>0</active>
		<children/>
	</event>
 	<!--<pos x="14115.595703" z="13339.982422" a="0" y="1.8"  group="20EMW"/>Sevtlojarsk_Docks_VehicleHype20EMW_MAINLINE?_NO_LOOT?_NO_LOOT_REF?_20EMW"-->
	<event name="VehicleHype20EMW">
		<nominal>1</nominal>
		<min>1</min>
		<max>1</max>
		<lifetime>3888000</lifetime>
		<restock>0</restock>
		<saferadius>0</saferadius>
		<distanceradius>1</distanceradius>
		<cleanupradius>0</cleanupradius>
		<flags deletable="0" init_random="0" remove_damaged="1"/>
		<position>fixed</position>
		<limit>child</limit>
		<active>0</active>
		<children/>
	</event>
	<!--<pos x="40" z="40" a="0" y="0" group="20MW"/>Sevtlojarsk_Docks_Relpace_East_Industrial_VehicleHype20MW_MAINLINE?_NO_LOOT?_NO_LOOT_REF?_20MW"-->
	<event name="VehicleHype20MW">
		<nominal>1</nominal>
		<min>1</min>
		<max>1</max>
		<lifetime>3888000</lifetime>
		<restock>0</restock>
		<saferadius>0</saferadius>
		<distanceradius>1</distanceradius>
		<cleanupradius>0</cleanupradius>
		<flags deletable="0" init_random="0" remove_damaged="1"/>
		<position>fixed</position>
		<limit>child</limit>
		<active>0</active>
		<children/>
	</event>
	<!--<pos x="14115.595703" z="13339.982422" a="0" y="1.8" group="20EMS"/>Sevtlojarsk_Docks_Relpace_East_Industrial_VehicleHype20EMS_MAINLINE?_NO_LOOT?_NO_LOOT_REF?_20EMS"-->
	<event name="VehicleHype20EMS">
		<nominal>1</nominal>
		<min>1</min>
		<max>1</max>
		<lifetime>3888000</lifetime>
		<restock>0</restock>
		<saferadius>0</saferadius>
		<distanceradius>1</distanceradius>
		<cleanupradius>0</cleanupradius>
		<flags deletable="0" init_random="0" remove_damaged="1"/>
		<position>fixed</position>
		<limit>child</limit>
		<active>0</active>
		<children/>
	</event>
	<!--<pos x="14075.850586" z="13369.237305" a="0" y="1.8" group="20MS"/>Sevtlojarsk_Docks_Relpace_East_Industrial_VehicleHype20MS_MAINLINE?_NO_LOOT?_NO_LOOT_REF?_20MS"-->
	<event name="VehicleHype20MS">
		<nominal>1</nominal>
		<min>1</min>
		<max>1</max>
		<lifetime>3888000</lifetime>
		<restock>0</restock>
		<saferadius>0</saferadius>
		<distanceradius>1</distanceradius>
		<cleanupradius>0</cleanupradius>
		<flags deletable="0" init_random="0" remove_damaged="1"/>
		<position>fixed</position>
		<limit>child</limit>
		<active>0</active>
		<children/>
	</event>
   <!--<pos x="14235.600586" z="13307.888672" a="0" y="1.8" group="21ESW"/>Sevtlojarsk_Docks_VehicleHype21ESW_MAINLINE?_NO_LOOT?_NO_LOOT_REF?_21ESW"-->
	<event name="VehicleHype21ESW">
		<nominal>1</nominal>
		<min>1</min>
		<max>1</max>
		<lifetime>3888000</lifetime>
		<restock>0</restock>
		<saferadius>0</saferadius>
		<distanceradius>1</distanceradius>
		<cleanupradius>0</cleanupradius>
		<flags deletable="0" init_random="0" remove_damaged="1"/>
		<position>fixed</position>
		<limit>child</limit>
		<active>0</active>
		<children/>
	</event>
	<!--<pos x="14235.600586" z="13307.888672" a="0" y="1.8" group="21ESS"/>Sevtlojarsk_Docks_VehicleHype21ESS_MAINLINE?_NO_LOOT?_NO_LOOT_REF?_21ESS"-->
	<event name="VehicleHype21ESS">
		<nominal>1</nominal>
		<min>1</min>
		<max>1</max>
		<lifetime>3888000</lifetime>
		<restock>0</restock>
		<saferadius>0</saferadius>
		<distanceradius>1</distanceradius>
		<cleanupradius>0</cleanupradius>
		<flags deletable="0" init_random="0" remove_damaged="1"/>
		<position>fixed</position>
		<limit>child</limit>
		<active>0</active>
		<children/>
	</event>
    <!--<pos x="7244.447266" z="3267.894043" a="0" y="1.8" group="22SW"/>Cherno_NORTH_Indust_Prigorodoki_VehicleHype21ESW_MAINLINE?_NO_LOOT?_NO_LOOT_REF?_22SW"-->
	<event name="VehicleHype22SW">
		<nominal>1</nominal>
		<min>1</min>
		<max>1</max>
		<lifetime>3888000</lifetime>
		<restock>0</restock>
		<saferadius>0</saferadius>
		<distanceradius>1</distanceradius>
		<cleanupradius>0</cleanupradius>
		<flags deletable="0" init_random="0" remove_damaged="1"/>
		<position>fixed</position>
		<limit>child</limit>
		<active>0</active>
		<children/>
	</event>
   	<!--<pos x="7244.447266" z="3267.894043" a="0" y="1.8" group="22SS"/>Sevtlojarsk_Docks_VehicleHype22SS_MAINLINE?_NO_LOOT?_NO_LOOT_REF?_22SS"-->
	<event name="VehicleHype22SS">
		<nominal>1</nominal>
		<min>1</min>
		<max>1</max>
		<lifetime>3888000</lifetime>
		<restock>0</restock>
		<saferadius>0</saferadius>
		<distanceradius>1</distanceradius>
		<cleanupradius>0</cleanupradius>
		<flags deletable="0" init_random="0" remove_damaged="1"/>
		<position>fixed</position>
		<limit>child</limit>
		<active>0</active>
		<children/>
	</event>
   <!--SET D ONLY WORKING WAGONS SPAWNS_ADD_INS_Cherno_Industrial_1_Tanker-->
	<event name="VehicleHype_SET_D_ONLY_WORKING_WAGONS_SET_1">
		<nominal>1</nominal>
		<min>1</min>
		<max>1</max>
		<lifetime>3888000</lifetime>
		<restock>0</restock>
		<saferadius>0</saferadius>
		<distanceradius>1</distanceradius>
		<cleanupradius>0</cleanupradius>
		<flags deletable="0" init_random="0" remove_damaged="1"/>
		<position>fixed</position>
		<limit>child</limit>
		<active>0</active>
		<children/>
	</event>
	<!--SET D ONLY WORKING WAGONS SPAWNS_ADD_INS_FARWEST_Zelan_DEADEND-->
	<event name="VehicleHype_SET_D_ONLY_WORKING_WAGONS_SET_2">
		<nominal>1</nominal>
		<min>1</min>
		<max>1</max>
		<lifetime>3888000</lifetime>
		<restock>0</restock>
		<saferadius>0</saferadius>
		<distanceradius>1</distanceradius>
		<cleanupradius>0</cleanupradius>
		<flags deletable="0" init_random="0" remove_damaged="1"/>
		<position>fixed</position>
		<limit>child</limit>
		<active>0</active>
		<children/>
	</event>
	<!--SET D ONLY WORKING WAGONS SPAWNS_ADD_INS_LUMBER N. of MY Shkino-->
	<event name="VehicleHype_SET_D_ONLY_WORKING_WAGONS_SET_3">
		<nominal>1</nominal>
		<min>1</min>
		<max>1</max>
		<lifetime>3888000</lifetime>
		<restock>0</restock>
		<saferadius>0</saferadius>
		<distanceradius>1</distanceradius>
		<cleanupradius>0</cleanupradius>
		<flags deletable="0" init_random="0" remove_damaged="1"/>
		<position>fixed</position>
		<limit>child</limit>
		<active>0</active>
		<children/>
	</event>
	<!--SET D ONLY WORKING WAGONS SPAWNS_ADD_INS_NORTH_Zelan-->
	<event name="VehicleHype_SET_D_ONLY_WORKING_WAGONS_SET_4">
		<nominal>1</nominal>
		<min>1</min>
		<max>1</max>
		<lifetime>3888000</lifetime>
		<restock>0</restock>
		<saferadius>0</saferadius>
		<distanceradius>1</distanceradius>
		<cleanupradius>0</cleanupradius>
		<flags deletable="0" init_random="0" remove_damaged="1"/>
		<position>fixed</position>
		<limit>child</limit>
		<active>0</active>
		<children/>
	</event>
</events>
<!--Indivdual TRAIN Switch END-->
<!-- HypeTrain SETS END -->
<!-- HypeTrain END-->